{
  "generator-jhipster": {
    "applicationType": "microservice",
    "authenticationType": "oauth2",
    "baseName": "Tsmart",
    "blueprints": [],
    "buildTool": "maven",
    "cacheProvider": "infinispan",
    "clientFramework": "angular",
    "clientPackageManager": "npm",
    "clientTheme": "none",
    "clientThemeVariant": "",
    "creationTimestamp": 1691035185199,
    "databaseType": "sql",
    "devDatabaseType": "postgresql",
    "devServerPort": 4200,
    "dtoSuffix": "DTO",
    "enableGradleEnterprise": false,
    "enableHibernateCache": true,
    "enableSwaggerCodegen": "true",
    "enableTranslation": true,
    "entities": [],
    "entitySuffix": "",
    "gitCompany": "",
    "jhiPrefix": "jhi",
    "jhipsterVersion": "8.0.0-beta.2",
    "jwtSecretKey": "OTkzOTA3YWU2ZWNiNjFkMjg3MGI3MDgwN2RlMDdmY2NkNjMyMTcyZjFmYTRjOTg5MzMzYmZlMDEyNmE4NzEyZjIzNzZmZDYwYWIwYWQ1ZmEwNTRmMTM5OTE2YWNmYmFlNDg3YTI2ZjYxMjUyODBmOTEzZGYzYzZkNjBmNjI1ZWU=",
    "languages": ["en"],
    "messageBroker": "kafka",
    "nativeLanguage": "en",
    "packageFolder": "com/kosasih/tsmart",
    "packageName": "com.kosasih.tsmart",
    "pages": [],
    "prodDatabaseType": "postgresql",
    "reactive": false,
    "searchEngine": "elasticsearch",
    "serverPort": 8081,
    "serviceDiscoveryType": "eureka",
    "skipCheckLengthOfIdentifier": false,
    "skipClient": false,
    "skipFakeData": false,
    "skipUserManagement": true,
    "testFrameworks": ["gatling", "cucumber"],
    "useSass": true,
    "websocket": "no",
    "withAdminUi": false
  },
  "git-company": "KOSASIH",
  "git-provider": "GitHub",
  "repository-name": "Tsmart"
}
